{
  "run": [
    {
      "filePath": "/webapp/index.html",
      "previewMode": 1,
      "dataMode": 1,
      "workspace": "withoutWorkspace",
      "ui5ActiveVersion": null,
      "ui5VerSource": null,
      "isDefaultVersion": 0,
      "urlParameters": [],
      "hashParameter": "",
      "backendSystem": [],
      "_metadata": {
        "id": 2011031,
        "runnerId": "webapprunner",
        "displayName": "Run index.html",
        "lastRunTimeStamp": 1521983930402
      }
    },
    {
      "filePath": "/webapp/test/testFLP.html",
      "previewMode": 1,
      "dataMode": 1,
      "workspace": "withoutWorkspace",
      "ui5ActiveVersion": null,
      "ui5VerSource": null,
      "isDefaultVersion": 0,
      "urlParameters": [],
      "hashParameter": "",
      "backendSystem": [],
      "_metadata": {
        "runnerId": "webapprunner",
        "id": 8755742,
        "displayName": "Run testFLP.html",
        "lastRunTimeStamp": 1516848059289
      }
    },
    {
      "filePath": "/webapp/Component.js",
      "previewMode": 1,
      "dataMode": 1,
      "workspace": "withoutWorkspace",
      "ui5ActiveVersion": null,
      "ui5VerSource": null,
      "isDefaultVersion": 0,
      "urlParameters": [],
      "hashParameter": "",
      "backendSystem": [],
      "_metadata": {
        "runnerId": "fiorirunner",
        "id": 8051090,
        "displayName": "Run Component.js 1",
        "lastRunTimeStamp": 1495783864383
      }
    },
    {
      "filePath": "/ZRPE_KANBAN_LOW/webapp/Component.js",
      "previewMode": 1,
      "dataMode": 1,
      "workspace": "withoutWorkspace",
      "ui5ActiveVersion": null,
      "ui5VerSource": null,
      "isDefaultVersion": 1,
      "urlParameters": [
        {
          "paramName": "",
          "paramValue": "",
          "paramActive": false
        },
        {
          "paramName": "",
          "paramValue": "",
          "paramActive": false
        }
      ],
      "hashParameter": "",
      "_metadata": {
        "id": 5239014,
        "runnerId": "fiorirunner",
        "displayName": "Fiori Component with Server",
        "lastRunTimeStamp": 1495163361151
      }
    },
    {
      "filePath": "/ZRPE_KANBAN_LOW/webapp/test/testFLPService.html",
      "previewMode": 1,
      "dataMode": 1,
      "workspace": "withoutWorkspace",
      "urlParameters": [
        {
          "paramName": "",
          "paramValue": "",
          "paramActive": false
        },
        {
          "paramName": "",
          "paramValue": "",
          "paramActive": false
        }
      ],
      "hashParameter": "Kanban-display",
      "ui5ActiveVersion": null,
      "ui5VerSource": null,
      "isDefaultVersion": 1,
      "_metadata": {
        "id": 1978926,
        "runnerId": "webapprunner",
        "displayName": "Run with MockServer"
      }
    },
    {
      "filePath": "/ZRPE_KANBAN_LOW/webapp/test/testFLP.html",
      "previewMode": 1,
      "dataMode": 1,
      "workspace": "withoutWorkspace",
      "urlParameters": [
        {
          "paramName": "",
          "paramValue": "",
          "paramActive": false
        },
        {
          "paramName": "",
          "paramValue": "",
          "paramActive": false
        }
      ],
      "hashParameter": "Kanban-display",
      "ui5ActiveVersion": null,
      "ui5VerSource": null,
      "isDefaultVersion": 1,
      "_metadata": {
        "id": 1978925,
        "runnerId": "webapprunner",
        "displayName": "Run with Server"
      }
    },
    {
      "filePath": "/ZRPE_KANBAN_LOW/webapp/test/unit/unitTests.qunit.html",
      "previewMode": 1,
      "dataMode": 1,
      "workspace": "withoutWorkspace",
      "ui5ActiveVersion": null,
      "ui5VerSource": null,
      "isDefaultVersion": 1,
      "urlParameters": [
        {
          "paramName": "",
          "paramValue": "",
          "paramActive": false
        },
        {
          "paramName": "",
          "paramValue": "",
          "paramActive": false
        }
      ],
      "_metadata": {
        "id": 8735167,
        "runnerId": "webapprunner",
        "displayName": "Run Unit Tests"
      }
    },
    {
      "filePath": "/ZRPE_KANBAN_LOW/webapp/test/integration/opaTests.qunit.html",
      "previewMode": 1,
      "dataMode": 1,
      "workspace": "withoutWorkspace",
      "ui5ActiveVersion": null,
      "ui5VerSource": null,
      "isDefaultVersion": 1,
      "urlParameters": [
        {
          "paramName": "",
          "paramValue": "",
          "paramActive": false
        },
        {
          "paramName": "",
          "paramValue": "",
          "paramActive": false
        }
      ],
      "hashParameter": "",
      "_metadata": {
        "id": 3635224,
        "runnerId": "webapprunner",
        "displayName": "Run Opa Tests"
      }
    },
    {
      "filePath": "/ZRPE_KANBAN_LOW/webapp/test/testsuite.qunit.html",
      "previewMode": 1,
      "dataMode": 1,
      "workspace": "withoutWorkspace",
      "ui5ActiveVersion": null,
      "ui5VerSource": null,
      "isDefaultVersion": 1,
      "urlParameters": [
        {
          "paramName": "",
          "paramValue": "",
          "paramActive": false
        },
        {
          "paramName": "",
          "paramValue": "",
          "paramActive": false
        }
      ],
      "hashParameter": "",
      "_metadata": {
        "id": 7524840,
        "runnerId": "webapprunner",
        "displayName": "Run all Tests"
      }
    },
    {
      "filePath": "/webapp/Component.js",
      "previewMode": 1,
      "dataMode": 1,
      "workspace": "withoutWorkspace",
      "ui5ActiveVersion": null,
      "ui5VerSource": null,
      "isDefaultVersion": 0,
      "urlParameters": [
        {
          "paramName": "",
          "paramValue": ""
        }
      ],
      "hashParameter": "",
      "backendSystem": [
        {
          "source": "KWD",
          "destinations": "KWD"
        }
      ],
      "_metadata": {
        "id": 2370868,
        "runnerId": "fiorirunner",
        "displayName": "Run Component.js",
        "lastRunTimeStamp": 0
      }
    }
  ],
  "hybrid": {
    "dirty": true
  }
}