{
    "application": {
        "id": "",
        "title": "pg.kanban.kanbanimmediateproduction2",
        "description": "kanban immediate production",
        "type": "SAP_UI5_Component",
        "componentUrl": "/",
        "appUrl": "#kanbanimmediateproduction2-Display",
        "navigationComponentName": "pg.kanban",
        "intentSemanticObject": "kanbanimmediateproduction2",
        "intentAction": "Display",
        "html5ApplicationName": "kanbanimmediateproduction2",
        "HCPParentApplicationName": ""
    },
    "assignment": {
        "groups": [
            "b83bc9bc-3581-4ece-b3a2-ffaa9ff0e49d"
        ],
        "contentPackages": [
            "1a4260c5-6cc8-43ef-bd8c-028afbaac9c4"
        ],
        "categories": []
    },
    "tile": {
        "type": "StaticTile",
        "title": "P&G Kanban IP",
        "subtitle": "Immediate Production",
        "searchKeywords": "P&G Kanban IP,Immediate Production",
        "displayIconUrl": "sap-icon://bbyd-dashboard",
        "displayInfoText": "",
        "size": "1x1",
        "serviceURL": "",
        "refreshInterval": ""
    }
}