<edmx:Edmx
    xmlns:edmx="http://schemas.microsoft.com/ado/2007/06/edmx"
    xmlns:m="http://schemas.microsoft.com/ado/2007/08/dataservices/metadata"
    xmlns:sap="http://www.sap.com/Protocols/SAPData" Version="1.0">
    <edmx:DataServices m:DataServiceVersion="2.0">
        <Schema
            xmlns="http://schemas.microsoft.com/ado/2008/09/edm" Namespace="ZRPE_KANBAN_SRV" xml:lang="en" sap:schema-version="0000">
            <EntityType Name="ControlCycle" sap:content-version="1">
                <Key>
                    <PropertyRef Name="ControlCycleID"/>
                </Key>
                <Property Name="ControlCycleID" Type="Edm.String" Nullable="false" MaxLength="7" sap:label="Contr.cycle no." sap:creatable="false" sap:updatable="false" sap:sortable="false" sap:filterable="false"/>
                <Property Name="MaterialNo" Type="Edm.String" Nullable="false" MaxLength="18" sap:label="Material No" sap:creatable="false" sap:updatable="false" sap:sortable="false" sap:filterable="false"/>
                <Property Name="Plant" Type="Edm.String" Nullable="false" MaxLength="4" sap:label="Plant" sap:creatable="false" sap:updatable="false" sap:sortable="false" sap:filterable="false"/>
                <Property Name="SupplyArea" Type="Edm.String" Nullable="false" MaxLength="10" sap:label="Supply Area" sap:creatable="false" sap:updatable="false" sap:sortable="false" sap:filterable="false"/>
                <Property Name="Responsible" Type="Edm.String" Nullable="false" MaxLength="3" sap:label="Person Respons." sap:creatable="false" sap:updatable="false" sap:sortable="false"/>
                <Property Name="MaterialDesc" Type="Edm.String" Nullable="false" MaxLength="40" sap:label="Description" sap:creatable="false" sap:updatable="false" sap:sortable="false" sap:filterable="false"/>
                <NavigationProperty Name="CycleToStatus" Relationship="ZRPE_KANBAN_SRV.ControlCycleToKanbanOverview" FromRole="FromRole_ControlCycleToKanbanOverview" ToRole="ToRole_ControlCycleToKanbanOverview"/>
                <NavigationProperty Name="CycleToOrder" Relationship="ZRPE_KANBAN_SRV.ControlCycleToProcessOrder" FromRole="FromRole_ControlCycleToProcessOrder" ToRole="ToRole_ControlCycleToProcessOrder"/>
            </EntityType>
            <EntityType Name="KanbanOverview" sap:content-version="1">
                <Key>
                    <PropertyRef Name="ControlCycleID"/>
                    <PropertyRef Name="KanbanStatus"/>
                </Key>
                <Property Name="ControlCycleID" Type="Edm.String" Nullable="false" MaxLength="7" sap:label="Contr.cycle no." sap:creatable="false" sap:updatable="false" sap:sortable="false" sap:filterable="false"/>
                <Property Name="KanbanStatus" Type="Edm.String" Nullable="false" MaxLength="1" sap:label="Kanban status" sap:creatable="false" sap:updatable="false" sap:sortable="false" sap:filterable="false"/>
                <Property Name="KanbanNum" Type="Edm.Int32" Nullable="false" sap:label="Number" sap:creatable="false" sap:updatable="false" sap:sortable="false" sap:filterable="false"/>
            </EntityType>
            <EntityType Name="SupplyArea" sap:content-version="1">
                <Key>
                    <PropertyRef Name="SupplyAreaID"/>
                </Key>
                <Property Name="SupplyAreaID" Type="Edm.String" Nullable="false" MaxLength="10" sap:label="Supply Area" sap:creatable="false" sap:updatable="false" sap:sortable="false" sap:filterable="false"/>
                <Property Name="SupplyAreaDesc" Type="Edm.String" Nullable="false" MaxLength="40" sap:label="Description" sap:creatable="false" sap:updatable="false" sap:sortable="false" sap:filterable="false"/>
            </EntityType>
            <EntityType Name="ProcessOrder" sap:content-version="1">
                <Key>
                    <PropertyRef Name="OrderNo"/>
                </Key>
                <Property Name="ControlCycleID" Type="Edm.String" Nullable="false" MaxLength="7" sap:label="Contr.cycle no." sap:creatable="false" sap:updatable="false" sap:sortable="false" sap:filterable="false"/>
                <Property Name="OrderNo" Type="Edm.String" Nullable="false" MaxLength="12" sap:label="Order" sap:creatable="false" sap:updatable="false" sap:sortable="false" sap:filterable="false"/>
                <Property Name="Batch" Type="Edm.String" Nullable="false" MaxLength="10" sap:label="Batch" sap:creatable="false" sap:updatable="false" sap:sortable="false" sap:filterable="false"/>
            </EntityType>
            <EntityType Name="KanbanDetail" sap:content-version="1">
                <Key>
                    <PropertyRef Name="KanbanID"/>
                </Key>
                <Property Name="KanbanID" Type="Edm.Decimal" Nullable="false" Precision="31" Scale="0" sap:label="ID number" sap:creatable="false" sap:updatable="false" sap:sortable="false" sap:filterable="false"/>
                <Property Name="KanbanItem" Type="Edm.String" Nullable="false" MaxLength="3" sap:label="Kanban number" sap:creatable="false" sap:updatable="false" sap:sortable="false" sap:filterable="false"/>
                <Property Name="KanbanStatus" Type="Edm.String" Nullable="false" MaxLength="1" sap:label="Kanban status" sap:creatable="false" sap:updatable="false" sap:sortable="false" sap:filterable="false"/>
                <Property Name="ActualQuantity" Type="Edm.Decimal" Nullable="false" Precision="13" Scale="3" sap:label="Actual quantity" sap:creatable="false" sap:updatable="false" sap:sortable="false" sap:filterable="false"/>
                <Property Name="ProcessOrder" Type="Edm.String" Nullable="false" MaxLength="12" sap:label="Order" sap:creatable="false" sap:updatable="false" sap:sortable="false" sap:filterable="false"/>
                <Property Name="Batch" Type="Edm.String" Nullable="false" MaxLength="10" sap:label="Batch" sap:creatable="false" sap:updatable="false" sap:sortable="false" sap:filterable="false"/>
            </EntityType>
            <Association Name="ControlCycleToKanbanOverview" sap:content-version="1">
                <End Type="ZRPE_KANBAN_SRV.ControlCycle" Multiplicity="1" Role="FromRole_ControlCycleToKanbanOverview"/>
                <End Type="ZRPE_KANBAN_SRV.KanbanOverview" Multiplicity="*" Role="ToRole_ControlCycleToKanbanOverview"/>
                <ReferentialConstraint>
                    <Principal Role="FromRole_ControlCycleToKanbanOverview">
                        <PropertyRef Name="ControlCycleID"/>
                    </Principal>
                    <Dependent Role="ToRole_ControlCycleToKanbanOverview">
                        <PropertyRef Name="ControlCycleID"/>
                    </Dependent>
                </ReferentialConstraint>
            </Association>
            <Association Name="ControlCycleToProcessOrder" sap:content-version="1">
                <End Type="ZRPE_KANBAN_SRV.ControlCycle" Multiplicity="1" Role="FromRole_ControlCycleToProcessOrder"/>
                <End Type="ZRPE_KANBAN_SRV.ProcessOrder" Multiplicity="*" Role="ToRole_ControlCycleToProcessOrder"/>
                <ReferentialConstraint>
                    <Principal Role="FromRole_ControlCycleToProcessOrder">
                        <PropertyRef Name="ControlCycleID"/>
                    </Principal>
                    <Dependent Role="ToRole_ControlCycleToProcessOrder">
                        <PropertyRef Name="ControlCycleID"/>
                    </Dependent>
                </ReferentialConstraint>
            </Association>
            <EntityContainer Name="ZRPE_KANBAN_SRV_Entities" m:IsDefaultEntityContainer="true">
                <EntitySet Name="KanbanOverviewSet" EntityType="ZRPE_KANBAN_SRV.KanbanOverview" sap:creatable="false" sap:updatable="false" sap:deletable="false" sap:pageable="false" sap:content-version="1"/>
                <EntitySet Name="SupplyAreaSet" EntityType="ZRPE_KANBAN_SRV.SupplyArea" sap:creatable="false" sap:updatable="false" sap:deletable="false" sap:pageable="false" sap:content-version="1"/>
                <EntitySet Name="ProcessOrderSet" EntityType="ZRPE_KANBAN_SRV.ProcessOrder" sap:creatable="false" sap:updatable="false" sap:deletable="false" sap:pageable="false" sap:content-version="1"/>
                <EntitySet Name="KanbanDetailSet" EntityType="ZRPE_KANBAN_SRV.KanbanDetail" sap:creatable="false" sap:updatable="false" sap:deletable="false" sap:pageable="false" sap:content-version="1"/>
                <EntitySet Name="ControlCycleSet" EntityType="ZRPE_KANBAN_SRV.ControlCycle" sap:creatable="false" sap:updatable="false" sap:deletable="false" sap:pageable="false" sap:content-version="1"/>
                <AssociationSet Name="ControlCycleToProcessOrderSet" Association="ZRPE_KANBAN_SRV.ControlCycleToProcessOrder" sap:creatable="false" sap:updatable="false" sap:deletable="false" sap:content-version="1">
                    <End EntitySet="ControlCycleSet" Role="FromRole_ControlCycleToProcessOrder"/>
                    <End EntitySet="ProcessOrderSet" Role="ToRole_ControlCycleToProcessOrder"/>
                </AssociationSet>
                <AssociationSet Name="ControlCycleToKanbanOverviewSet" Association="ZRPE_KANBAN_SRV.ControlCycleToKanbanOverview" sap:creatable="false" sap:updatable="false" sap:deletable="false" sap:content-version="1">
                    <End EntitySet="ControlCycleSet" Role="FromRole_ControlCycleToKanbanOverview"/>
                    <End EntitySet="KanbanOverviewSet" Role="ToRole_ControlCycleToKanbanOverview"/>
                </AssociationSet>
                <FunctionImport Name="ChangeStatus" ReturnType="Collection(ZRPE_KANBAN_SRV.KanbanDetail)" EntitySet="KanbanDetailSet" m:HttpMethod="GET">
                    <Parameter Name="KanbanID" Type="Edm.Decimal" Mode="In" Precision="10" Scale="0"/>
                    <Parameter Name="ActualQuantity" Type="Edm.Decimal" Mode="In" Precision="13" Scale="3"/>
                    <Parameter Name="ProcessOrder" Type="Edm.String" Mode="In" MaxLength="12"/>
                    <Parameter Name="NextStatus" Type="Edm.String" Mode="In" MaxLength="1"/>
                </FunctionImport>
            </EntityContainer>
            <atom:link
                xmlns:atom="http://www.w3.org/2005/Atom" rel="self" href="./sap/ZRPE_KANBAN_SRV/$metadata"/>
                <atom:link
                    xmlns:atom="http://www.w3.org/2005/Atom" rel="latest-version" href="./sap/ZRPE_KANBAN_SRV/$metadata"/>
                </Schema>
            </edmx:DataServices>
        </edmx:Edmx>